payment_id,invoice_ids,case_tags
pay_000001,INV-2026-00001,clean_ref
pay_000002,INV-2026-00002|INV-2026-00003,merged_invoices|clean_ref
pay_000003,INV-2026-00004,clean_ref
pay_000004,INV-2026-00005,clean_ref
pay_000005,INV-2026-00006,partial_payment|clean_ref
pay_000006,INV-2026-00006,partial_payment|clean_ref
pay_000007,INV-2026-00006,partial_payment|clean_ref
pay_000008,INV-2026-00007,clean_ref
pay_000009,INV-2026-00008,clean_ref
pay_000010,INV-2026-00009,clean_ref
pay_000011,INV-2026-00010,clean_ref
pay_000012,INV-2026-00011,clean_ref
pay_000013,INV-2026-00012,clean_ref
pay_000014,INV-2026-00013,clean_ref
pay_000015,INV-2026-00014,clean_ref
pay_000016,INV-2026-00015,clean_ref
pay_000017,INV-2026-00016,clean_ref
pay_000018,INV-2026-00017,clean_ref
pay_000019,INV-2026-00018,clean_ref
pay_000020,INV-2026-00019,clean_ref
pay_000021,INV-2026-00020,garbled_ref
pay_000022,INV-2026-00021,clean_ref
pay_000023,INV-2026-00022,garbled_ref
pay_000024,INV-2026-00023,clean_ref
pay_000025,INV-2026-00024,clean_ref
pay_000026,INV-2026-00025|INV-2026-00026|INV-2026-00027,merged_invoices|clean_ref
pay_000027,INV-2026-00028|INV-2026-00029|INV-2026-00030,merged_invoices|clean_ref
pay_000028,INV-2026-00031,partial_payment|clean_ref
pay_000029,INV-2026-00031,partial_payment|clean_ref
pay_000030,INV-2026-00032,clean_ref
pay_000031,INV-2026-00033,partial_payment|clean_ref
pay_000032,INV-2026-00033,partial_payment|garbled_ref
pay_000033,INV-2026-00034|INV-2026-00035,merged_invoices|clean_ref
pay_000034,INV-2026-00036,clean_ref
pay_000035,INV-2026-00037,clean_ref
pay_000036,INV-2026-00038,clean_ref
pay_000037,INV-2026-00039,clean_ref
pay_000038,INV-2026-00040,clean_ref
pay_000039,INV-2026-00041,garbled_ref
pay_000040,INV-2026-00042|INV-2026-00043,merged_invoices|clean_ref
pay_000041,INV-2026-00044,garbled_ref
pay_000042,INV-2026-00045,clean_ref
pay_000043,INV-2026-00045,refund
pay_000044,INV-2026-00046,clean_ref
pay_000045,INV-2026-00047,clean_ref
pay_000046,INV-2026-00048,clean_ref
pay_000047,INV-2026-00049,clean_ref
pay_000048,INV-2026-00050,clean_ref
pay_000049,INV-2026-00051,clean_ref
pay_000050,INV-2026-00052,clean_ref
pay_000051,INV-2026-00053,clean_ref
pay_000052,INV-2026-00054,clean_ref
pay_000053,INV-2026-00055,clean_ref
pay_000054,INV-2026-00056,clean_ref
pay_000055,INV-2026-00057,garbled_ref
pay_000056,INV-2026-00058,clean_ref
pay_000057,INV-2026-00059,clean_ref
pay_000058,INV-2026-00060,clean_ref
pay_000059,INV-2026-00061,clean_ref
pay_000060,INV-2026-00062,clean_ref
pay_000061,INV-2026-00063,clean_ref
pay_000062,INV-2026-00064,clean_ref
pay_000063,INV-2026-00065,clean_ref
pay_000064,INV-2026-00066,garbled_ref
pay_000065,INV-2026-00067,clean_ref
pay_000066,INV-2026-00068,clean_ref
pay_000067,INV-2026-00069,clean_ref
pay_000068,INV-2026-00070|INV-2026-00071,merged_invoices|garbled_ref
pay_000069,INV-2026-00072,clean_ref
pay_000070,INV-2026-00073,clean_ref
pay_000071,INV-2026-00074,clean_ref
pay_000072,INV-2026-00075,clean_ref
pay_000073,INV-2026-00076,partial_payment|clean_ref
pay_000074,INV-2026-00076,partial_payment|garbled_ref
pay_000075,INV-2026-00077|INV-2026-00078|INV-2026-00079,merged_invoices|clean_ref
pay_000076,INV-2026-00080,clean_ref
pay_000077,INV-2026-00081|INV-2026-00082|INV-2026-00083,merged_invoices|clean_ref
pay_000078,INV-2026-00084,clean_ref
pay_000079,INV-2026-00085,clean_ref
pay_000080,INV-2026-00086,clean_ref
pay_000081,INV-2026-00087,clean_ref
pay_000082,INV-2026-00088,clean_ref
pay_000083,INV-2026-00089,clean_ref
pay_000084,INV-2026-00090,clean_ref
pay_000085,INV-2026-00091,clean_ref
pay_000086,INV-2026-00092,clean_ref
pay_000087,INV-2026-00093,clean_ref
pay_000088,INV-2026-00094,partial_payment|clean_ref
pay_000089,INV-2026-00094,partial_payment|clean_ref
pay_000090,INV-2026-00095,clean_ref
pay_000091,INV-2026-00095,refund
pay_000092,INV-2026-00096,clean_ref
pay_000093,INV-2026-00097,clean_ref
pay_000094,INV-2026-00098,clean_ref
pay_000095,INV-2026-00099,partial_payment|garbled_ref
pay_000096,INV-2026-00099,partial_payment|clean_ref
pay_000097,INV-2026-00100,garbled_ref
pay_000098,INV-2026-00101,clean_ref
pay_000099,INV-2026-00102,clean_ref
pay_000100,INV-2026-00103,clean_ref
pay_000101,INV-2026-00104|INV-2026-00105,merged_invoices|clean_ref
pay_000102,INV-2026-00106,clean_ref
pay_000103,INV-2026-00107,clean_ref
pay_000104,INV-2026-00108,clean_ref
pay_000105,INV-2026-00109,clean_ref
pay_000106,INV-2026-00110,clean_ref
pay_000107,INV-2026-00111,clean_ref
pay_000108,INV-2026-00112,clean_ref
pay_000109,INV-2026-00113,clean_ref
pay_000110,INV-2026-00114,clean_ref
pay_000111,INV-2026-00115,clean_ref
pay_000112,INV-2026-00116,clean_ref
pay_000113,INV-2026-00117,clean_ref
pay_000114,INV-2026-00118,clean_ref
pay_000115,INV-2026-00119,clean_ref
pay_000116,INV-2026-00120,clean_ref
pay_000117,INV-2026-00121,garbled_ref
pay_000118,INV-2026-00122|INV-2026-00123,merged_invoices|clean_ref
pay_000119,INV-2026-00124,clean_ref
pay_000120,INV-2026-00125,clean_ref
pay_000121,INV-2026-00126,clean_ref
pay_000122,INV-2026-00127,clean_ref
pay_000123,INV-2026-00128,clean_ref
pay_000124,INV-2026-00129,partial_payment|clean_ref
pay_000125,INV-2026-00129,partial_payment|clean_ref
pay_000126,INV-2026-00130,clean_ref
pay_000127,INV-2026-00131,clean_ref
pay_000128,INV-2026-00132,clean_ref
pay_000129,INV-2026-00133,clean_ref
pay_000130,INV-2026-00134,clean_ref
pay_000131,INV-2026-00135,clean_ref
pay_000132,INV-2026-00136,clean_ref
pay_000133,INV-2026-00137,clean_ref
pay_000134,INV-2026-00138,garbled_ref
pay_000135,INV-2026-00139,clean_ref
pay_000136,INV-2026-00140,partial_payment|clean_ref
pay_000137,INV-2026-00140,partial_payment|clean_ref
pay_000138,INV-2026-00141,clean_ref
pay_000139,INV-2026-00142,clean_ref
pay_000140,INV-2026-00143,clean_ref
pay_000141,INV-2026-00144,garbled_ref
pay_000142,INV-2026-00145,garbled_ref
pay_000143,INV-2026-00146,clean_ref
pay_000144,INV-2026-00147,clean_ref
pay_000145,INV-2026-00148,clean_ref
pay_000146,INV-2026-00149,clean_ref
pay_000147,INV-2026-00150,garbled_ref
pay_000148,INV-2026-00151,clean_ref
pay_000149,INV-2026-00152,clean_ref
pay_000150,INV-2026-00153,garbled_ref
pay_000151,INV-2026-00154,clean_ref
pay_000152,INV-2026-00155,clean_ref
pay_000153,INV-2026-00156,clean_ref
pay_000154,INV-2026-00157,clean_ref
pay_000155,INV-2026-00158,clean_ref
pay_000156,INV-2026-00159,clean_ref
pay_000157,INV-2026-00160,clean_ref
pay_000158,INV-2026-00161,garbled_ref
pay_000159,INV-2026-00162|INV-2026-00163|INV-2026-00164,merged_invoices|clean_ref
pay_000160,INV-2026-00165,clean_ref
pay_000161,INV-2026-00166|INV-2026-00167,merged_invoices|clean_ref
pay_000162,INV-2026-00168|INV-2026-00169,merged_invoices|clean_ref
pay_000163,INV-2026-00170,clean_ref
pay_000164,INV-2026-00171,clean_ref
pay_000165,INV-2026-00172,clean_ref
pay_000166,INV-2026-00173,clean_ref
pay_000167,INV-2026-00174,partial_payment|clean_ref
pay_000168,INV-2026-00174,partial_payment|clean_ref
pay_000169,INV-2026-00175,clean_ref
pay_000170,INV-2026-00176,partial_payment|clean_ref
pay_000171,INV-2026-00176,partial_payment|clean_ref
pay_000172,INV-2026-00177,clean_ref
pay_000173,INV-2026-00178,clean_ref
pay_000174,INV-2026-00179,clean_ref
pay_000175,INV-2026-00180,clean_ref
pay_000176,INV-2026-00181,clean_ref
pay_000177,INV-2026-00182,garbled_ref
pay_000178,INV-2026-00183,clean_ref
pay_000179,INV-2026-00184,clean_ref
pay_000180,INV-2026-00185,clean_ref
pay_000181,INV-2026-00186,clean_ref
pay_000182,INV-2026-00187,partial_payment|clean_ref
pay_000183,INV-2026-00187,partial_payment|clean_ref
pay_000184,INV-2026-00187,partial_payment|garbled_ref
pay_000185,INV-2026-00188,partial_payment|clean_ref
pay_000186,INV-2026-00188,partial_payment|clean_ref
pay_000187,INV-2026-00189,clean_ref
pay_000188,INV-2026-00190,clean_ref
pay_000189,INV-2026-00191,clean_ref
pay_000190,INV-2026-00192,clean_ref
pay_000191,INV-2026-00193|INV-2026-00194,merged_invoices|clean_ref
pay_000192,INV-2026-00195,clean_ref
pay_000193,INV-2026-00196,clean_ref
pay_000194,INV-2026-00197,garbled_ref
pay_000195,INV-2026-00198,clean_ref
pay_000196,INV-2026-00199,clean_ref
pay_000197,INV-2026-00200,clean_ref
pay_000198,INV-2026-00201,clean_ref
pay_000199,INV-2026-00202,clean_ref
pay_000200,INV-2026-00203,partial_payment|clean_ref
pay_000201,INV-2026-00203,partial_payment|clean_ref
pay_000202,INV-2026-00203,partial_payment|clean_ref
pay_000203,INV-2026-00203,refund
pay_000204,INV-2026-00204|INV-2026-00205,merged_invoices|clean_ref
pay_000205,INV-2026-00206,clean_ref
pay_000206,INV-2026-00207,clean_ref
pay_000207,INV-2026-00208,clean_ref
pay_000208,INV-2026-00209|INV-2026-00210|INV-2026-00211,merged_invoices|clean_ref
pay_000209,INV-2026-00212,clean_ref
pay_000210,INV-2026-00213|INV-2026-00214|INV-2026-00215,merged_invoices|clean_ref
pay_000211,INV-2026-00216|INV-2026-00217,merged_invoices|clean_ref
pay_000212,INV-2026-00218,clean_ref
pay_000213,INV-2026-00219,clean_ref
pay_000214,INV-2026-00220,partial_payment|clean_ref
pay_000215,INV-2026-00220,partial_payment|clean_ref
pay_000216,INV-2026-00221,clean_ref
pay_000217,INV-2026-00222,clean_ref
pay_000218,INV-2026-00223,clean_ref
pay_000219,INV-2026-00224,clean_ref
pay_000220,INV-2026-00225,partial_payment|clean_ref
pay_000221,INV-2026-00225,partial_payment|clean_ref
pay_000222,INV-2026-00225,partial_payment|garbled_ref
pay_000223,INV-2026-00226,partial_payment|clean_ref
pay_000224,INV-2026-00226,partial_payment|clean_ref
pay_000225,INV-2026-00227|INV-2026-00228|INV-2026-00229,merged_invoices|clean_ref
pay_000226,INV-2026-00230,clean_ref
pay_000227,INV-2026-00231,garbled_ref
pay_000228,INV-2026-00232,partial_payment|garbled_ref
pay_000229,INV-2026-00232,partial_payment|clean_ref
pay_000230,INV-2026-00233,clean_ref
pay_000231,INV-2026-00234,clean_ref
pay_000232,INV-2026-00235,clean_ref
pay_000233,INV-2026-00236,clean_ref
pay_000234,INV-2026-00237,garbled_ref
pay_000235,INV-2026-00238,clean_ref
pay_000236,INV-2026-00239,clean_ref
pay_000237,INV-2026-00240,clean_ref
pay_000238,INV-2026-00241,clean_ref
pay_000239,INV-2026-00242,clean_ref
pay_000240,INV-2026-00243|INV-2026-00244|INV-2026-00245,merged_invoices|clean_ref
pay_000241,INV-2026-00246,clean_ref
pay_000242,INV-2026-00247,clean_ref
pay_000243,INV-2026-00248,clean_ref
pay_000244,INV-2026-00249,clean_ref
pay_000245,INV-2026-00250,clean_ref
pay_000246,INV-2026-00251,clean_ref
pay_000247,INV-2026-00252,clean_ref
pay_000248,INV-2026-00253,clean_ref
pay_000249,INV-2026-00254,clean_ref
pay_000250,INV-2026-00255,clean_ref
pay_000251,INV-2026-00256,clean_ref
pay_000252,INV-2026-00257,clean_ref
pay_000253,INV-2026-00258,clean_ref
pay_000254,INV-2026-00259,garbled_ref
pay_000255,INV-2026-00260,partial_payment|clean_ref
pay_000256,INV-2026-00260,partial_payment|clean_ref
pay_000257,INV-2026-00261,clean_ref
pay_000258,INV-2026-00262,clean_ref
pay_000259,INV-2026-00263|INV-2026-00264,merged_invoices|clean_ref
pay_000260,INV-2026-00265,clean_ref
pay_000261,INV-2026-00266,clean_ref
pay_000262,INV-2026-00267,clean_ref
pay_000263,INV-2026-00268,clean_ref
pay_000264,INV-2026-00269,partial_payment|clean_ref
pay_000265,INV-2026-00269,partial_payment|clean_ref
pay_000266,INV-2026-00270,clean_ref
pay_000267,INV-2026-00271,clean_ref
pay_000268,INV-2026-00272,partial_payment|clean_ref
pay_000269,INV-2026-00272,partial_payment|clean_ref
pay_000270,INV-2026-00272,partial_payment|clean_ref
pay_000271,INV-2026-00273,garbled_ref
pay_000272,INV-2026-00274,partial_payment|clean_ref
pay_000273,INV-2026-00274,partial_payment|clean_ref
pay_000274,INV-2026-00275,clean_ref
pay_000275,INV-2026-00276,clean_ref
pay_000276,INV-2026-00277,clean_ref
pay_000277,INV-2026-00278|INV-2026-00279|INV-2026-00280,merged_invoices|clean_ref
pay_000278,INV-2026-00281,clean_ref
pay_000279,INV-2026-00282,clean_ref
pay_000280,INV-2026-00283,clean_ref
pay_000281,INV-2026-00284,clean_ref
pay_000282,INV-2026-00285,clean_ref
pay_000283,INV-2026-00286,clean_ref
pay_000284,INV-2026-00287,clean_ref
pay_000285,INV-2026-00288,clean_ref
pay_000286,INV-2026-00289,clean_ref
pay_000287,INV-2026-00290,clean_ref
pay_000288,INV-2026-00291,clean_ref
pay_000289,INV-2026-00292,clean_ref
pay_000290,INV-2026-00293,clean_ref
pay_000291,INV-2026-00294,clean_ref
pay_000292,INV-2026-00295,clean_ref
pay_000293,INV-2026-00296,garbled_ref
pay_000294,INV-2026-00297,partial_payment|clean_ref
pay_000295,INV-2026-00297,partial_payment|clean_ref
pay_000296,INV-2026-00297,partial_payment|clean_ref
pay_000297,INV-2026-00298,clean_ref
pay_000298,INV-2026-00299,clean_ref
pay_000299,INV-2026-00300,garbled_ref
pay_000300,INV-2026-00301,garbled_ref
pay_000301,INV-2026-00302,clean_ref
pay_000302,INV-2026-00303,clean_ref
pay_000303,INV-2026-00304,clean_ref
pay_000304,INV-2026-00305,partial_payment|clean_ref
pay_000305,INV-2026-00305,partial_payment|clean_ref
pay_000306,INV-2026-00306,clean_ref
pay_000307,INV-2026-00307,clean_ref
pay_000308,INV-2026-00308,clean_ref
pay_000309,INV-2026-00309,clean_ref
pay_000310,INV-2026-00310,garbled_ref
pay_000311,INV-2026-00311,clean_ref
pay_000312,INV-2026-00312|INV-2026-00313|INV-2026-00314,merged_invoices|clean_ref
pay_000313,INV-2026-00315,clean_ref
pay_000314,INV-2026-00316,clean_ref
pay_000315,INV-2026-00317,clean_ref
pay_000316,INV-2026-00318,clean_ref
pay_000317,INV-2026-00319,clean_ref
pay_000318,INV-2026-00320,clean_ref
pay_000319,INV-2026-00321,clean_ref
pay_000320,INV-2026-00322,partial_payment|clean_ref
pay_000321,INV-2026-00322,partial_payment|clean_ref
pay_000322,INV-2026-00323,clean_ref
pay_000323,INV-2026-00324,clean_ref
pay_000324,INV-2026-00325,clean_ref
pay_000325,INV-2026-00326,clean_ref
pay_000326,INV-2026-00327,clean_ref
pay_000327,INV-2026-00328,clean_ref
pay_000328,INV-2026-00329,clean_ref
pay_000329,INV-2026-00330|INV-2026-00331|INV-2026-00332,merged_invoices|clean_ref
pay_000330,INV-2026-00333|INV-2026-00334,merged_invoices|clean_ref
pay_000331,INV-2026-00335,clean_ref
pay_000332,INV-2026-00336,clean_ref
pay_000333,INV-2026-00337,clean_ref
pay_000334,INV-2026-00338,clean_ref
pay_000335,INV-2026-00339,clean_ref
pay_000336,INV-2026-00340,clean_ref
pay_000337,INV-2026-00341,partial_payment|clean_ref
pay_000338,INV-2026-00341,partial_payment|clean_ref
pay_000339,INV-2026-00342,clean_ref
pay_000340,INV-2026-00342,refund
pay_000341,INV-2026-00343,clean_ref
pay_000342,INV-2026-00344,clean_ref
pay_000343,INV-2026-00345|INV-2026-00346,merged_invoices|clean_ref
pay_000344,INV-2026-00347,clean_ref
pay_000345,INV-2026-00348,clean_ref
pay_000346,INV-2026-00349,clean_ref
pay_000347,INV-2026-00350,clean_ref
pay_000348,INV-2026-00351,partial_payment|clean_ref
pay_000349,INV-2026-00351,partial_payment|clean_ref
pay_000350,INV-2026-00352,partial_payment|clean_ref
pay_000351,INV-2026-00352,partial_payment|clean_ref
pay_000352,INV-2026-00353,partial_payment|clean_ref
pay_000353,INV-2026-00353,partial_payment|clean_ref
pay_000354,INV-2026-00354,garbled_ref
pay_000355,INV-2026-00355,clean_ref
pay_000356,INV-2026-00356,clean_ref
pay_000357,INV-2026-00357,clean_ref
pay_000358,INV-2026-00358,clean_ref
pay_000359,INV-2026-00359|INV-2026-00360|INV-2026-00361,merged_invoices|clean_ref
pay_000360,INV-2026-00362,clean_ref
pay_000361,INV-2026-00363,garbled_ref
pay_000362,INV-2026-00364,clean_ref
pay_000363,INV-2026-00365,garbled_ref
pay_000364,INV-2026-00366,partial_payment|clean_ref
pay_000365,INV-2026-00366,partial_payment|garbled_ref
pay_000366,INV-2026-00366,partial_payment|clean_ref
pay_000367,INV-2026-00367,clean_ref
pay_000368,INV-2026-00368,clean_ref
pay_000369,INV-2026-00369,clean_ref
pay_000370,INV-2026-00370,clean_ref
pay_000371,INV-2026-00371,clean_ref
pay_000372,INV-2026-00372,clean_ref
pay_000373,INV-2026-00373,clean_ref
pay_000374,INV-2026-00374,clean_ref
pay_000375,INV-2026-00375,clean_ref
pay_000376,INV-2026-00376,clean_ref
pay_000377,INV-2026-00377,clean_ref
pay_000378,INV-2026-00378,partial_payment|clean_ref
pay_000379,INV-2026-00378,partial_payment|clean_ref
pay_000380,INV-2026-00379|INV-2026-00380,merged_invoices|clean_ref
pay_000381,INV-2026-00381,clean_ref
pay_000382,INV-2026-00382,clean_ref
pay_000383,INV-2026-00383,garbled_ref
pay_000384,INV-2026-00384,clean_ref
pay_000385,INV-2026-00385,partial_payment|clean_ref
pay_000386,INV-2026-00385,partial_payment|clean_ref
pay_000387,INV-2026-00385,partial_payment|clean_ref
pay_000388,INV-2026-00386,garbled_ref
pay_000389,INV-2026-00387,clean_ref
pay_000390,INV-2026-00388,clean_ref
pay_000391,INV-2026-00389|INV-2026-00390|INV-2026-00391,merged_invoices|clean_ref
pay_000392,INV-2026-00392|INV-2026-00393,merged_invoices|clean_ref
pay_000393,INV-2026-00394,clean_ref
pay_000394,INV-2026-00395,clean_ref
pay_000395,INV-2026-00396,clean_ref
pay_000396,INV-2026-00397,clean_ref
pay_000397,INV-2026-00398,partial_payment|clean_ref
pay_000398,INV-2026-00398,partial_payment|clean_ref
pay_000399,INV-2026-00399,clean_ref
pay_000400,INV-2026-00400,garbled_ref
pay_000401,INV-2026-00401,partial_payment|clean_ref
pay_000402,INV-2026-00401,partial_payment|clean_ref
pay_000403,INV-2026-00402,partial_payment|garbled_ref
pay_000404,INV-2026-00402,partial_payment|clean_ref
pay_000405,INV-2026-00402,partial_payment|clean_ref
pay_000406,INV-2026-00403,garbled_ref
pay_000407,INV-2026-00404,clean_ref
pay_000408,INV-2026-00405,clean_ref
pay_000409,INV-2026-00406,partial_payment|clean_ref
pay_000410,INV-2026-00406,partial_payment|clean_ref
pay_000411,INV-2026-00407,clean_ref
pay_000412,INV-2026-00408,clean_ref
pay_000413,INV-2026-00409,garbled_ref
pay_000414,INV-2026-00410,clean_ref
pay_000415,INV-2026-00411,clean_ref
pay_000416,INV-2026-00412,clean_ref
pay_000417,INV-2026-00413,clean_ref
pay_000418,INV-2026-00414,clean_ref
pay_000419,INV-2026-00415,clean_ref
pay_000420,INV-2026-00415,refund
pay_000421,INV-2026-00416,clean_ref
pay_000422,INV-2026-00417|INV-2026-00418|INV-2026-00419,merged_invoices|clean_ref
pay_000423,INV-2026-00420,clean_ref
pay_000424,INV-2026-00421,clean_ref
pay_000425,INV-2026-00422,clean_ref
pay_000426,INV-2026-00423,garbled_ref
pay_000427,INV-2026-00424|INV-2026-00425,merged_invoices|clean_ref
pay_000428,INV-2026-00426,clean_ref
pay_000429,INV-2026-00427,clean_ref
pay_000430,INV-2026-00428,clean_ref
pay_000431,INV-2026-00429,clean_ref
pay_000432,INV-2026-00430,clean_ref
pay_000433,INV-2026-00431|INV-2026-00432|INV-2026-00433,merged_invoices|clean_ref
pay_000434,INV-2026-00434,clean_ref
pay_000435,INV-2026-00435,garbled_ref
pay_000436,INV-2026-00436,clean_ref
pay_000437,INV-2026-00437,clean_ref
pay_000438,INV-2026-00438,clean_ref
pay_000439,INV-2026-00439,clean_ref
pay_000440,INV-2026-00440,clean_ref
pay_000441,INV-2026-00441,partial_payment|garbled_ref
pay_000442,INV-2026-00441,partial_payment|clean_ref
pay_000443,INV-2026-00442,partial_payment|clean_ref
pay_000444,INV-2026-00442,partial_payment|garbled_ref
pay_000445,INV-2026-00442,partial_payment|clean_ref
pay_000446,INV-2026-00443,clean_ref
pay_000447,INV-2026-00444,clean_ref
pay_000448,INV-2026-00445,clean_ref
pay_000449,INV-2026-00446,clean_ref
pay_000450,INV-2026-00447,clean_ref
pay_000451,INV-2026-00448,clean_ref
pay_000452,INV-2026-00449,clean_ref
pay_000453,INV-2026-00450,partial_payment|clean_ref
pay_000454,INV-2026-00450,partial_payment|clean_ref
pay_000455,INV-2026-00451,clean_ref
pay_000456,INV-2026-00452,clean_ref
pay_000457,INV-2026-00453,clean_ref
pay_000458,INV-2026-00454,clean_ref
pay_000459,INV-2026-00455,clean_ref
pay_000460,INV-2026-00456,clean_ref
pay_000461,INV-2026-00457,partial_payment|clean_ref
pay_000462,INV-2026-00457,partial_payment|clean_ref
pay_000463,INV-2026-00457,partial_payment|garbled_ref
pay_000464,INV-2026-00458,clean_ref
pay_000465,INV-2026-00459,clean_ref
pay_000466,INV-2026-00460,clean_ref
pay_000467,INV-2026-00461,clean_ref
pay_000468,INV-2026-00462,clean_ref
pay_000469,INV-2026-00463,clean_ref
pay_000470,INV-2026-00464,clean_ref
pay_000471,INV-2026-00465,clean_ref
pay_000472,INV-2026-00466|INV-2026-00467,merged_invoices|clean_ref
pay_000473,INV-2026-00468,partial_payment|clean_ref
pay_000474,INV-2026-00468,partial_payment|clean_ref
pay_000475,INV-2026-00468,refund
pay_000476,INV-2026-00469,clean_ref
pay_000477,INV-2026-00470,clean_ref
pay_000478,INV-2026-00471,clean_ref
pay_000479,INV-2026-00471,refund
pay_000480,INV-2026-00471,chargeback
pay_000481,INV-2026-00472,clean_ref
pay_000482,INV-2026-00473,partial_payment|clean_ref
pay_000483,INV-2026-00473,partial_payment|clean_ref
pay_000484,INV-2026-00474,clean_ref
pay_000485,INV-2026-00475,clean_ref
pay_000486,INV-2026-00476,clean_ref
pay_000487,INV-2026-00477,clean_ref
pay_000488,INV-2026-00478|INV-2026-00479,merged_invoices|clean_ref
pay_000489,INV-2026-00480,clean_ref
pay_000490,INV-2026-00480,refund
pay_000491,INV-2026-00481,clean_ref
pay_000492,INV-2026-00482|INV-2026-00483|INV-2026-00484,merged_invoices|clean_ref
pay_000493,INV-2026-00485,clean_ref
pay_000494,INV-2026-00486,clean_ref
pay_000495,INV-2026-00487,clean_ref
pay_000496,INV-2026-00488,clean_ref
pay_000497,INV-2026-00489,garbled_ref
pay_000498,INV-2026-00490,clean_ref
pay_000499,INV-2026-00491,clean_ref
pay_000500,INV-2026-00492|INV-2026-00493|INV-2026-00494,merged_invoices|clean_ref
pay_000501,INV-2026-00495,clean_ref
pay_000502,INV-2026-00496,clean_ref
pay_000503,INV-2026-00497,clean_ref
pay_000504,INV-2026-00498|INV-2026-00499,merged_invoices|clean_ref
pay_000505,INV-2026-00500|INV-2026-00501,merged_invoices|garbled_ref
pay_000506,INV-2026-00502,partial_payment|clean_ref
pay_000507,INV-2026-00502,partial_payment|clean_ref
pay_000508,INV-2026-00503,clean_ref
pay_000509,INV-2026-00504,clean_ref
pay_000510,INV-2026-00505,clean_ref
pay_000511,INV-2026-00506,clean_ref
pay_000512,INV-2026-00507,clean_ref
pay_000513,INV-2026-00508,garbled_ref
pay_000514,INV-2026-00509,clean_ref
pay_000515,INV-2026-00510,clean_ref
pay_000516,INV-2026-00511,clean_ref
pay_000517,INV-2026-00512,clean_ref
pay_000518,INV-2026-00513|INV-2026-00514,merged_invoices|clean_ref
pay_000519,INV-2026-00515,clean_ref
pay_000520,INV-2026-00516,clean_ref
pay_000521,INV-2026-00517,partial_payment|clean_ref
pay_000522,INV-2026-00517,partial_payment|clean_ref
pay_000523,INV-2026-00518|INV-2026-00519,merged_invoices|clean_ref
pay_000524,INV-2026-00520|INV-2026-00521|INV-2026-00522,merged_invoices|garbled_ref
pay_000525,INV-2026-00523,clean_ref
pay_000526,INV-2026-00524,clean_ref
pay_000527,INV-2026-00525,clean_ref
pay_000528,INV-2026-00526,clean_ref
pay_000529,INV-2026-00527,partial_payment|clean_ref
pay_000530,INV-2026-00527,partial_payment|clean_ref
pay_000531,INV-2026-00527,partial_payment|clean_ref
pay_000532,INV-2026-00528,clean_ref
pay_000533,INV-2026-00529,garbled_ref
pay_000534,INV-2026-00530|INV-2026-00531,merged_invoices|clean_ref
pay_000535,INV-2026-00532,clean_ref
pay_000536,INV-2026-00533,clean_ref
pay_000537,INV-2026-00534,clean_ref
pay_000538,INV-2026-00535,clean_ref
pay_000539,INV-2026-00536,clean_ref
pay_000540,INV-2026-00537,clean_ref
pay_000541,INV-2026-00538,partial_payment|clean_ref
pay_000542,INV-2026-00538,partial_payment|clean_ref
pay_000543,INV-2026-00539,clean_ref
pay_000544,INV-2026-00540,clean_ref
pay_000545,INV-2026-00541,partial_payment|clean_ref
pay_000546,INV-2026-00541,partial_payment|clean_ref
pay_000547,INV-2026-00542,clean_ref
pay_000548,INV-2026-00543,partial_payment|clean_ref
pay_000549,INV-2026-00543,partial_payment|clean_ref
pay_000550,INV-2026-00544,clean_ref
pay_000551,INV-2026-00545,clean_ref
pay_000552,INV-2026-00546,clean_ref
pay_000553,INV-2026-00547,clean_ref
pay_000554,INV-2026-00548,partial_payment|clean_ref
pay_000555,INV-2026-00548,partial_payment|garbled_ref
pay_000556,INV-2026-00549,clean_ref
pay_000557,INV-2026-00549,chargeback
pay_000558,INV-2026-00550,clean_ref
pay_000559,INV-2026-00551,partial_payment|clean_ref
pay_000560,INV-2026-00551,partial_payment|clean_ref
pay_000561,INV-2026-00551,partial_payment|clean_ref
pay_000562,INV-2026-00552,clean_ref
pay_000563,INV-2026-00553,clean_ref
pay_000564,INV-2026-00554,clean_ref
pay_000565,INV-2026-00555,partial_payment|clean_ref
pay_000566,INV-2026-00555,partial_payment|clean_ref
pay_000567,INV-2026-00555,partial_payment|clean_ref
pay_000568,INV-2026-00556,clean_ref
pay_000569,INV-2026-00557,clean_ref
pay_000570,INV-2026-00558,clean_ref
pay_000571,INV-2026-00559,clean_ref
pay_000572,INV-2026-00559,refund
pay_000573,INV-2026-00560|INV-2026-00561,merged_invoices|clean_ref
pay_000574,INV-2026-00562|INV-2026-00563|INV-2026-00564,merged_invoices|clean_ref
pay_000575,INV-2026-00565,clean_ref
pay_000576,INV-2026-00566,garbled_ref
pay_000577,INV-2026-00567,clean_ref
pay_000578,INV-2026-00568,clean_ref
pay_000579,INV-2026-00569,clean_ref
pay_000580,INV-2026-00570,partial_payment|clean_ref
pay_000581,INV-2026-00570,partial_payment|clean_ref
pay_000582,INV-2026-00571,partial_payment|clean_ref
pay_000583,INV-2026-00571,partial_payment|clean_ref
pay_000584,INV-2026-00572|INV-2026-00573,merged_invoices|clean_ref
pay_000585,INV-2026-00574,clean_ref
pay_000586,INV-2026-00575|INV-2026-00576,merged_invoices|clean_ref
pay_000587,INV-2026-00577,clean_ref
pay_000588,INV-2026-00578,clean_ref
pay_000589,INV-2026-00579,clean_ref
pay_000590,INV-2026-00580,clean_ref
pay_000591,INV-2026-00581,clean_ref
pay_000592,INV-2026-00582,clean_ref
pay_000593,INV-2026-00583,clean_ref
pay_000594,INV-2026-00584,clean_ref
pay_000595,INV-2026-00585,clean_ref
pay_000596,INV-2026-00586,clean_ref
pay_000597,INV-2026-00587,garbled_ref
pay_000598,INV-2026-00588,clean_ref
pay_000599,INV-2026-00589,clean_ref
pay_000600,INV-2026-00590,clean_ref
pay_000601,INV-2026-00591,clean_ref
pay_000602,INV-2026-00592,clean_ref
pay_000603,INV-2026-00593,clean_ref
pay_000604,INV-2026-00594,garbled_ref
pay_000605,INV-2026-00595,clean_ref
pay_000606,INV-2026-00596,clean_ref
pay_000607,INV-2026-00597,clean_ref
pay_000608,INV-2026-00598,clean_ref
pay_000609,INV-2026-00599,clean_ref
pay_000610,INV-2026-00600|INV-2026-00601,merged_invoices|clean_ref
pay_000611,INV-2026-00602,clean_ref
pay_000612,INV-2026-00603,clean_ref
pay_000613,INV-2026-00604,clean_ref
pay_000614,INV-2026-00605,clean_ref
pay_000615,INV-2026-00606,clean_ref
pay_000616,INV-2026-00607,clean_ref
pay_000617,INV-2026-00608,clean_ref
pay_000618,INV-2026-00609,partial_payment|clean_ref
pay_000619,INV-2026-00609,partial_payment|clean_ref
pay_000620,INV-2026-00610,clean_ref
pay_000621,INV-2026-00611,clean_ref
pay_000622,INV-2026-00612,garbled_ref
pay_000623,INV-2026-00613,garbled_ref
pay_000624,INV-2026-00614,garbled_ref
pay_000625,INV-2026-00615,clean_ref
pay_000626,INV-2026-00616,partial_payment|garbled_ref
pay_000627,INV-2026-00616,partial_payment|clean_ref
pay_000628,INV-2026-00617,clean_ref
pay_000629,INV-2026-00618|INV-2026-00619|INV-2026-00620,merged_invoices|clean_ref
pay_000630,INV-2026-00621,clean_ref
pay_000631,INV-2026-00622,clean_ref
pay_000632,INV-2026-00623,clean_ref
pay_000633,INV-2026-00624,clean_ref
pay_000634,INV-2026-00625,clean_ref
pay_000635,INV-2026-00626,clean_ref
pay_000636,INV-2026-00627,clean_ref
pay_000637,INV-2026-00628,garbled_ref
pay_000638,INV-2026-00629,clean_ref
pay_000639,INV-2026-00630,clean_ref
pay_000640,INV-2026-00631,clean_ref
pay_000641,INV-2026-00632,clean_ref
pay_000642,INV-2026-00633,clean_ref
pay_000643,INV-2026-00634,clean_ref
pay_000644,INV-2026-00635,clean_ref
pay_000645,INV-2026-00636,partial_payment|clean_ref
pay_000646,INV-2026-00636,partial_payment|garbled_ref
pay_000647,INV-2026-00637,clean_ref
pay_000648,INV-2026-00638,partial_payment|clean_ref
pay_000649,INV-2026-00638,partial_payment|clean_ref
pay_000650,INV-2026-00639,clean_ref
pay_000651,INV-2026-00640,clean_ref
pay_000652,INV-2026-00641,garbled_ref
pay_000653,INV-2026-00642|INV-2026-00643,merged_invoices|clean_ref
pay_000654,INV-2026-00644,partial_payment|clean_ref
pay_000655,INV-2026-00644,partial_payment|clean_ref
pay_000656,INV-2026-00644,partial_payment|clean_ref
pay_000657,INV-2026-00645,clean_ref
pay_000658,INV-2026-00646,clean_ref
pay_000659,INV-2026-00647,clean_ref
pay_000660,INV-2026-00648,clean_ref
pay_000661,INV-2026-00649,clean_ref
pay_000662,INV-2026-00650,garbled_ref
pay_000663,INV-2026-00651,clean_ref
pay_000664,INV-2026-00652,partial_payment|garbled_ref
pay_000665,INV-2026-00652,partial_payment|clean_ref
pay_000666,INV-2026-00653,clean_ref
pay_000667,INV-2026-00654,clean_ref
pay_000668,INV-2026-00655,garbled_ref
pay_000669,INV-2026-00656,clean_ref
pay_000670,INV-2026-00657,partial_payment|clean_ref
pay_000671,INV-2026-00657,partial_payment|clean_ref
pay_000672,INV-2026-00658,clean_ref
pay_000673,INV-2026-00659,clean_ref
pay_000674,INV-2026-00660,garbled_ref
pay_000675,INV-2026-00661,clean_ref
pay_000676,INV-2026-00662,clean_ref
pay_000677,INV-2026-00663,clean_ref
pay_000678,INV-2026-00664,partial_payment|clean_ref
pay_000679,INV-2026-00664,partial_payment|clean_ref
pay_000680,INV-2026-00664,partial_payment|clean_ref
pay_000681,INV-2026-00665,clean_ref
pay_000682,INV-2026-00666,partial_payment|garbled_ref
pay_000683,INV-2026-00666,partial_payment|garbled_ref
pay_000684,INV-2026-00666,partial_payment|clean_ref
pay_000685,INV-2026-00667,clean_ref
pay_000686,INV-2026-00668,clean_ref
pay_000687,INV-2026-00669,clean_ref
pay_000688,INV-2026-00670,clean_ref
pay_000689,INV-2026-00671,clean_ref
pay_000690,INV-2026-00672,partial_payment|clean_ref
pay_000691,INV-2026-00672,partial_payment|clean_ref
pay_000692,INV-2026-00673,clean_ref
pay_000693,INV-2026-00674,clean_ref
pay_000694,INV-2026-00675,clean_ref
pay_000695,INV-2026-00676,clean_ref
pay_000696,INV-2026-00677,clean_ref
pay_000697,INV-2026-00678,partial_payment|garbled_ref
pay_000698,INV-2026-00678,partial_payment|clean_ref
pay_000699,INV-2026-00679,clean_ref
pay_000700,INV-2026-00680,clean_ref
pay_000701,INV-2026-00681,clean_ref
pay_000702,INV-2026-00682,clean_ref
pay_000703,INV-2026-00683,clean_ref
pay_000704,INV-2026-00684,clean_ref
pay_000705,INV-2026-00685,garbled_ref
pay_000706,INV-2026-00686,garbled_ref
pay_000707,INV-2026-00687,clean_ref
pay_000708,INV-2026-00688,clean_ref
pay_000709,INV-2026-00689|INV-2026-00690,merged_invoices|clean_ref
pay_000710,INV-2026-00691,clean_ref
pay_000711,INV-2026-00692,clean_ref
pay_000712,INV-2026-00693,partial_payment|clean_ref
pay_000713,INV-2026-00693,partial_payment|clean_ref
pay_000714,INV-2026-00693,partial_payment|clean_ref
pay_000715,INV-2026-00694,clean_ref
pay_000716,INV-2026-00695,clean_ref
pay_000717,INV-2026-00696,clean_ref
pay_000718,INV-2026-00697,clean_ref
pay_000719,INV-2026-00698,clean_ref
pay_000720,INV-2026-00699,clean_ref
pay_000721,INV-2026-00700,partial_payment|clean_ref
pay_000722,INV-2026-00700,partial_payment|garbled_ref
pay_000723,INV-2026-00701,clean_ref
pay_000724,INV-2026-00702,garbled_ref
pay_000725,INV-2026-00703,clean_ref
pay_000726,INV-2026-00704,garbled_ref
pay_000727,INV-2026-00705,clean_ref
pay_000728,INV-2026-00706,clean_ref
pay_000729,INV-2026-00707,clean_ref
pay_000730,INV-2026-00708,clean_ref
pay_000731,INV-2026-00709,clean_ref
pay_000732,INV-2026-00710,clean_ref
pay_000733,INV-2026-00711,garbled_ref
pay_000734,INV-2026-00712,clean_ref
pay_000735,INV-2026-00713,clean_ref
pay_000736,INV-2026-00714,garbled_ref
pay_000737,INV-2026-00715,garbled_ref
pay_000738,INV-2026-00716,clean_ref
pay_000739,INV-2026-00717,clean_ref
pay_000740,INV-2026-00718,clean_ref
pay_000741,INV-2026-00719,clean_ref
pay_000742,INV-2026-00720,clean_ref
pay_000743,INV-2026-00721,clean_ref
pay_000744,INV-2026-00722,clean_ref
pay_000745,INV-2026-00723,clean_ref
pay_000746,INV-2026-00724,clean_ref
pay_000747,INV-2026-00725,clean_ref
pay_000748,INV-2026-00726|INV-2026-00727|INV-2026-00728,merged_invoices|clean_ref
pay_000749,INV-2026-00729,clean_ref
pay_000750,INV-2026-00730,clean_ref
pay_000751,INV-2026-00731,clean_ref
pay_000752,INV-2026-00732,clean_ref
pay_000753,INV-2026-00733,clean_ref
pay_000754,INV-2026-00734,clean_ref
pay_000755,INV-2026-00735,clean_ref
pay_000756,INV-2026-00736,clean_ref
pay_000757,INV-2026-00737,clean_ref
pay_000758,INV-2026-00738,clean_ref
pay_000759,INV-2026-00739,clean_ref
pay_000760,INV-2026-00740|INV-2026-00741,merged_invoices|garbled_ref
pay_000761,INV-2026-00742,clean_ref
pay_000762,INV-2026-00743,clean_ref
pay_000763,INV-2026-00744,partial_payment|clean_ref
pay_000764,INV-2026-00744,partial_payment|clean_ref
pay_000765,INV-2026-00744,partial_payment|clean_ref
pay_000766,INV-2026-00745,partial_payment|clean_ref
pay_000767,INV-2026-00745,partial_payment|clean_ref
pay_000768,INV-2026-00746,clean_ref
pay_000769,INV-2026-00747,clean_ref
pay_000770,INV-2026-00748,clean_ref
pay_000771,INV-2026-00749,garbled_ref
pay_000772,INV-2026-00750,clean_ref
pay_000773,INV-2026-00751,clean_ref
pay_000774,INV-2026-00752,clean_ref
pay_000775,INV-2026-00753,clean_ref
pay_000776,INV-2026-00754,partial_payment|clean_ref
pay_000777,INV-2026-00754,partial_payment|clean_ref
pay_000778,INV-2026-00755,clean_ref
pay_000779,INV-2026-00755,refund
pay_000780,INV-2026-00756,clean_ref
pay_000781,INV-2026-00757,partial_payment|clean_ref
pay_000782,INV-2026-00757,partial_payment|clean_ref
pay_000783,INV-2026-00758,clean_ref
pay_000784,INV-2026-00759,clean_ref
pay_000785,INV-2026-00760,clean_ref
pay_000786,INV-2026-00761|INV-2026-00762|INV-2026-00763,merged_invoices|clean_ref
pay_000787,INV-2026-00764,garbled_ref
pay_000788,INV-2026-00765,clean_ref
pay_000789,INV-2026-00766,clean_ref
pay_000790,INV-2026-00767|INV-2026-00768,merged_invoices|clean_ref
pay_000791,INV-2026-00767|INV-2026-00768,chargeback
pay_000792,INV-2026-00769,clean_ref
pay_000793,INV-2026-00770,clean_ref
pay_000794,INV-2026-00771,clean_ref
pay_000795,INV-2026-00772|INV-2026-00773,merged_invoices|clean_ref
pay_000796,INV-2026-00774,clean_ref
pay_000797,INV-2026-00775,clean_ref
pay_000798,INV-2026-00776,clean_ref
pay_000799,INV-2026-00777,partial_payment|clean_ref
pay_000800,INV-2026-00777,partial_payment|clean_ref
pay_000801,INV-2026-00778,clean_ref
pay_000802,INV-2026-00779,clean_ref
pay_000803,INV-2026-00780,clean_ref
pay_000804,INV-2026-00781,clean_ref
pay_000805,INV-2026-00782,clean_ref
pay_000806,INV-2026-00783,clean_ref
pay_000807,INV-2026-00784,clean_ref
pay_000808,INV-2026-00785,clean_ref
pay_000809,INV-2026-00786,garbled_ref
pay_000810,INV-2026-00787|INV-2026-00788|INV-2026-00789,merged_invoices|clean_ref
pay_000811,INV-2026-00790,clean_ref
pay_000812,INV-2026-00791,clean_ref
pay_000813,INV-2026-00792,clean_ref
pay_000814,INV-2026-00793,clean_ref
pay_000815,INV-2026-00794,clean_ref
pay_000816,INV-2026-00795,clean_ref
pay_000817,INV-2026-00796|INV-2026-00797,merged_invoices|clean_ref
pay_000818,INV-2026-00798|INV-2026-00799,merged_invoices|clean_ref
pay_000819,INV-2026-00800,clean_ref
pay_000820,INV-2026-00801,clean_ref
pay_000821,INV-2026-00802|INV-2026-00803,merged_invoices|clean_ref
pay_000822,INV-2026-00804,clean_ref
pay_000823,INV-2026-00805,clean_ref
pay_000824,INV-2026-00806,clean_ref
pay_000825,INV-2026-00807,partial_payment|clean_ref
pay_000826,INV-2026-00807,partial_payment|clean_ref
pay_000827,INV-2026-00808,partial_payment|garbled_ref
pay_000828,INV-2026-00808,partial_payment|clean_ref
pay_000829,INV-2026-00809,clean_ref
pay_000830,INV-2026-00810,clean_ref
pay_000831,INV-2026-00811,clean_ref
pay_000832,INV-2026-00812,clean_ref
pay_000833,INV-2026-00812,refund
pay_000834,INV-2026-00813,partial_payment|clean_ref
pay_000835,INV-2026-00813,partial_payment|clean_ref
pay_000836,INV-2026-00814,clean_ref
pay_000837,INV-2026-00815,clean_ref
pay_000838,INV-2026-00816,clean_ref
pay_000839,INV-2026-00817,partial_payment|clean_ref
pay_000840,INV-2026-00817,partial_payment|clean_ref
pay_000841,INV-2026-00818,clean_ref
pay_000842,INV-2026-00819,garbled_ref
pay_000843,INV-2026-00820,clean_ref
pay_000844,INV-2026-00821,clean_ref
pay_000845,INV-2026-00822,clean_ref
pay_000846,INV-2026-00823,garbled_ref
pay_000847,INV-2026-00824,clean_ref
pay_000848,INV-2026-00825,clean_ref
pay_000849,INV-2026-00826|INV-2026-00827,merged_invoices|clean_ref
pay_000850,INV-2026-00828,clean_ref
pay_000851,INV-2026-00829,clean_ref
pay_000852,INV-2026-00830|INV-2026-00831|INV-2026-00832,merged_invoices|clean_ref
pay_000853,INV-2026-00833,clean_ref
pay_000854,INV-2026-00834,clean_ref
pay_000855,INV-2026-00835,clean_ref
pay_000856,INV-2026-00836,clean_ref
pay_000857,INV-2026-00837,clean_ref
pay_000858,INV-2026-00838,garbled_ref
pay_000859,INV-2026-00839,garbled_ref
pay_000860,INV-2026-00840,clean_ref
pay_000861,INV-2026-00841|INV-2026-00842|INV-2026-00843,merged_invoices|clean_ref
pay_000862,INV-2026-00844,clean_ref
pay_000863,INV-2026-00845,partial_payment|clean_ref
pay_000864,INV-2026-00845,partial_payment|clean_ref
pay_000865,INV-2026-00846,clean_ref
pay_000866,INV-2026-00847,partial_payment|garbled_ref
pay_000867,INV-2026-00847,partial_payment|clean_ref
pay_000868,INV-2026-00847,partial_payment|clean_ref
pay_000869,INV-2026-00848,clean_ref
pay_000870,INV-2026-00849,garbled_ref
pay_000871,INV-2026-00850,clean_ref
pay_000872,INV-2026-00851,clean_ref
pay_000873,INV-2026-00852|INV-2026-00853|INV-2026-00854,merged_invoices|clean_ref
pay_000874,INV-2026-00855,clean_ref
pay_000875,INV-2026-00856,clean_ref
pay_000876,INV-2026-00857,garbled_ref
pay_000877,INV-2026-00858,garbled_ref
pay_000878,INV-2026-00859,clean_ref
pay_000879,INV-2026-00860,clean_ref
pay_000880,INV-2026-00861,clean_ref
pay_000881,INV-2026-00862,clean_ref
pay_000882,INV-2026-00863,clean_ref
pay_000883,INV-2026-00864,clean_ref
pay_000884,INV-2026-00865,clean_ref
pay_000885,INV-2026-00866,clean_ref
pay_000886,INV-2026-00867,garbled_ref
pay_000887,INV-2026-00868|INV-2026-00869|INV-2026-00870,merged_invoices|clean_ref
pay_000888,INV-2026-00868|INV-2026-00869|INV-2026-00870,chargeback
pay_000889,INV-2026-00871,clean_ref
pay_000890,INV-2026-00872,clean_ref
pay_000891,INV-2026-00873,clean_ref
pay_000892,INV-2026-00874,clean_ref
pay_000893,INV-2026-00875,clean_ref
pay_000894,INV-2026-00876,clean_ref
pay_000895,INV-2026-00877,clean_ref
pay_000896,INV-2026-00878,clean_ref
pay_000897,INV-2026-00879,clean_ref
pay_000898,INV-2026-00880,clean_ref
pay_000899,INV-2026-00881,clean_ref
pay_000900,INV-2026-00882,partial_payment|clean_ref
pay_000901,INV-2026-00882,partial_payment|garbled_ref
pay_000902,INV-2026-00883,clean_ref
pay_000903,INV-2026-00884,clean_ref
pay_000904,INV-2026-00885,garbled_ref
pay_000905,INV-2026-00886,clean_ref
pay_000906,INV-2026-00887,clean_ref
pay_000907,INV-2026-00888,clean_ref
pay_000908,INV-2026-00888,chargeback
pay_000909,INV-2026-00889,clean_ref
pay_000910,INV-2026-00890,clean_ref
pay_000911,INV-2026-00891,clean_ref
pay_000912,INV-2026-00892,clean_ref
pay_000913,INV-2026-00893,clean_ref
pay_000914,INV-2026-00894|INV-2026-00895|INV-2026-00896,merged_invoices|clean_ref
pay_000915,INV-2026-00897,clean_ref
pay_000916,INV-2026-00898,clean_ref
pay_000917,INV-2026-00899|INV-2026-00900,merged_invoices|clean_ref
pay_000918,INV-2026-00901,clean_ref
pay_000919,INV-2026-00902,clean_ref
pay_000920,INV-2026-00903,partial_payment|garbled_ref
pay_000921,INV-2026-00903,partial_payment|clean_ref
pay_000922,INV-2026-00904,clean_ref
pay_000923,INV-2026-00905,clean_ref
pay_000924,INV-2026-00905,refund
pay_000925,INV-2026-00906,clean_ref
pay_000926,INV-2026-00907,clean_ref
pay_000927,INV-2026-00908,clean_ref
pay_000928,INV-2026-00909,clean_ref
pay_000929,INV-2026-00910,clean_ref
pay_000930,INV-2026-00911|INV-2026-00912,merged_invoices|clean_ref
pay_000931,INV-2026-00913,clean_ref
pay_000932,INV-2026-00914,partial_payment|clean_ref
pay_000933,INV-2026-00914,partial_payment|clean_ref
pay_000934,INV-2026-00915,clean_ref
pay_000935,INV-2026-00916,clean_ref
pay_000936,INV-2026-00917,partial_payment|clean_ref
pay_000937,INV-2026-00917,partial_payment|clean_ref
pay_000938,INV-2026-00918,garbled_ref
pay_000939,INV-2026-00919,garbled_ref
pay_000940,INV-2026-00920,clean_ref
pay_000941,INV-2026-00921,clean_ref
pay_000942,INV-2026-00922,clean_ref
pay_000943,INV-2026-00923,clean_ref
pay_000944,INV-2026-00924,partial_payment|clean_ref
pay_000945,INV-2026-00924,partial_payment|clean_ref
pay_000946,INV-2026-00925,clean_ref
pay_000947,INV-2026-00926,clean_ref
pay_000948,INV-2026-00927,garbled_ref
pay_000949,INV-2026-00928,clean_ref
pay_000950,INV-2026-00929,clean_ref
pay_000951,INV-2026-00930,clean_ref
pay_000952,INV-2026-00931,clean_ref
pay_000953,INV-2026-00932|INV-2026-00933,merged_invoices|clean_ref
pay_000954,INV-2026-00934,clean_ref
pay_000955,INV-2026-00935,partial_payment|clean_ref
pay_000956,INV-2026-00935,partial_payment|clean_ref
pay_000957,INV-2026-00936,clean_ref
pay_000958,INV-2026-00937,garbled_ref
pay_000959,INV-2026-00938,clean_ref
pay_000960,INV-2026-00939,clean_ref
pay_000961,INV-2026-00940,partial_payment|clean_ref
pay_000962,INV-2026-00940,partial_payment|clean_ref
pay_000963,INV-2026-00941,partial_payment|clean_ref
pay_000964,INV-2026-00941,partial_payment|clean_ref
pay_000965,INV-2026-00941,partial_payment|clean_ref
pay_000966,INV-2026-00942,clean_ref
pay_000967,INV-2026-00943,clean_ref
pay_000968,INV-2026-00944,clean_ref
pay_000969,INV-2026-00945,clean_ref
pay_000970,INV-2026-00946|INV-2026-00947,merged_invoices|clean_ref
pay_000971,INV-2026-00948,clean_ref
pay_000972,INV-2026-00949,garbled_ref
pay_000973,INV-2026-00950,clean_ref
pay_000974,INV-2026-00951,clean_ref
pay_000975,INV-2026-00952,garbled_ref
pay_000976,INV-2026-00953,clean_ref
pay_000977,INV-2026-00954,clean_ref
pay_000978,INV-2026-00955,clean_ref
pay_000979,INV-2026-00956,clean_ref
pay_000980,INV-2026-00957,partial_payment|clean_ref
pay_000981,INV-2026-00957,partial_payment|clean_ref
pay_000982,INV-2026-00958,clean_ref
pay_000983,INV-2026-00959,partial_payment|clean_ref
pay_000984,INV-2026-00959,partial_payment|garbled_ref
pay_000985,INV-2026-00959,partial_payment|clean_ref
pay_000986,INV-2026-00960,garbled_ref
pay_000987,INV-2026-00961,garbled_ref
pay_000988,INV-2026-00962,clean_ref
pay_000989,INV-2026-00963,clean_ref
pay_000990,INV-2026-00964,clean_ref
pay_000991,INV-2026-00965|INV-2026-00966|INV-2026-00967,merged_invoices|clean_ref
pay_000992,INV-2026-00968,garbled_ref
pay_000993,INV-2026-00969,clean_ref
pay_000994,INV-2026-00970,garbled_ref
pay_000995,INV-2026-00971,clean_ref
pay_000996,INV-2026-00972,clean_ref
pay_000997,INV-2026-00973,partial_payment|clean_ref
pay_000998,INV-2026-00973,partial_payment|clean_ref
pay_000999,INV-2026-00974,clean_ref
pay_001000,INV-2026-00975,partial_payment|clean_ref
pay_001001,INV-2026-00975,partial_payment|clean_ref
pay_001002,INV-2026-00976,clean_ref
pay_001003,INV-2026-00977,clean_ref
pay_001004,INV-2026-00978,clean_ref
pay_001005,INV-2026-00979,clean_ref
pay_001006,INV-2026-00979,refund
pay_001007,INV-2026-00980,clean_ref
pay_001008,INV-2026-00981,garbled_ref
pay_001009,INV-2026-00982,clean_ref
pay_001010,INV-2026-00983|INV-2026-00984,merged_invoices|clean_ref
pay_001011,INV-2026-00985,clean_ref
pay_001012,INV-2026-00986,garbled_ref
pay_001013,INV-2026-00987,garbled_ref
pay_001014,INV-2026-00988,clean_ref
pay_001015,INV-2026-00989|INV-2026-00990|INV-2026-00991,merged_invoices|clean_ref
pay_001016,INV-2026-00992,clean_ref
pay_001017,INV-2026-00993,clean_ref
pay_001018,INV-2026-00994,garbled_ref
pay_001019,INV-2026-00995,clean_ref
pay_001020,INV-2026-00996,clean_ref
pay_001021,INV-2026-00997,clean_ref
pay_001022,INV-2026-00998,clean_ref
pay_001023,INV-2026-00999,clean_ref
pay_001024,INV-2026-01000|INV-2026-01001,merged_invoices|clean_ref
pay_001025,INV-2026-01002|INV-2026-01003|INV-2026-01004,merged_invoices|clean_ref
pay_001026,INV-2026-01005,partial_payment|garbled_ref
pay_001027,INV-2026-01005,partial_payment|clean_ref
pay_001028,INV-2026-01006,clean_ref
pay_001029,INV-2026-01007,clean_ref
pay_001030,INV-2026-01008|INV-2026-01009|INV-2026-01010,merged_invoices|clean_ref
pay_001031,INV-2026-01011,garbled_ref
pay_001032,INV-2026-01012,clean_ref
pay_001033,INV-2026-01013,clean_ref
pay_001034,INV-2026-01014,partial_payment|clean_ref
pay_001035,INV-2026-01014,partial_payment|clean_ref
pay_001036,INV-2026-01015,clean_ref
pay_001037,INV-2026-01016,clean_ref
pay_001038,INV-2026-01017,garbled_ref
pay_001039,INV-2026-01018,clean_ref
pay_001040,INV-2026-01019,clean_ref
pay_001041,INV-2026-01020,clean_ref
pay_001042,INV-2026-01021,clean_ref
pay_001043,INV-2026-01022,partial_payment|clean_ref
pay_001044,INV-2026-01022,partial_payment|clean_ref
pay_001045,INV-2026-01023,clean_ref
pay_001046,INV-2026-01024,clean_ref
pay_001047,INV-2026-01025,clean_ref
pay_001048,INV-2026-01026,partial_payment|clean_ref
pay_001049,INV-2026-01026,partial_payment|clean_ref
pay_001050,INV-2026-01027,clean_ref
pay_001051,INV-2026-01028,clean_ref
pay_001052,INV-2026-01029,clean_ref
pay_001053,INV-2026-01030,clean_ref
pay_001054,INV-2026-01031,clean_ref
pay_001055,INV-2026-01032,clean_ref
pay_001056,INV-2026-01033,clean_ref
pay_001057,INV-2026-01034,clean_ref
pay_001058,INV-2026-01035,clean_ref
pay_001059,INV-2026-01036,clean_ref
pay_001060,INV-2026-01037,garbled_ref
pay_001061,INV-2026-01038,clean_ref
pay_001062,INV-2026-01039,clean_ref
pay_001063,INV-2026-01040,clean_ref
pay_001064,INV-2026-01041,clean_ref
pay_001065,INV-2026-01042,clean_ref
pay_001066,INV-2026-01043,clean_ref
pay_001067,INV-2026-01044|INV-2026-01045,merged_invoices|clean_ref
pay_001068,INV-2026-01046,clean_ref
pay_001069,INV-2026-01047,clean_ref
pay_001070,INV-2026-01048,partial_payment|garbled_ref
pay_001071,INV-2026-01048,partial_payment|clean_ref
pay_001072,INV-2026-01048,partial_payment|clean_ref
pay_001073,INV-2026-01049,clean_ref
pay_001074,INV-2026-01050,clean_ref
pay_001075,INV-2026-01051|INV-2026-01052,merged_invoices|clean_ref
pay_001076,INV-2026-01053,clean_ref
pay_001077,INV-2026-01054,clean_ref
pay_001078,INV-2026-01055,clean_ref
pay_001079,INV-2026-01056,clean_ref
pay_001080,INV-2026-01057,clean_ref
pay_001081,INV-2026-01058,clean_ref
pay_001082,INV-2026-01059,clean_ref
pay_001083,INV-2026-01059,refund
pay_001084,INV-2026-01060,clean_ref
pay_001085,INV-2026-01061,clean_ref
pay_001086,INV-2026-01061,chargeback
pay_001087,INV-2026-01062,garbled_ref
pay_001088,INV-2026-01063,clean_ref
pay_001089,INV-2026-01064,clean_ref
pay_001090,INV-2026-01065,clean_ref
pay_001091,INV-2026-01066,clean_ref
pay_001092,INV-2026-01067,clean_ref
pay_001093,INV-2026-01068,clean_ref
pay_001094,INV-2026-01069,clean_ref
pay_001095,INV-2026-01070,clean_ref
pay_001096,INV-2026-01071|INV-2026-01072,merged_invoices|clean_ref
pay_001097,INV-2026-01073,clean_ref
pay_001098,INV-2026-01074,partial_payment|clean_ref
pay_001099,INV-2026-01074,partial_payment|clean_ref
pay_001100,INV-2026-01074,partial_payment|clean_ref
pay_001101,INV-2026-01075,garbled_ref
pay_001102,INV-2026-01076,partial_payment|garbled_ref
pay_001103,INV-2026-01076,partial_payment|clean_ref
pay_001104,INV-2026-01077,clean_ref
pay_001105,INV-2026-01078,clean_ref
pay_001106,INV-2026-01079,clean_ref
pay_001107,INV-2026-01080,clean_ref
pay_001108,INV-2026-01081,clean_ref
pay_001109,INV-2026-01082,partial_payment|clean_ref
pay_001110,INV-2026-01082,partial_payment|clean_ref
pay_001111,INV-2026-01083,clean_ref
pay_001112,INV-2026-01084,clean_ref
pay_001113,INV-2026-01085,clean_ref
pay_001114,INV-2026-01086,clean_ref
pay_001115,INV-2026-01087,partial_payment|clean_ref
pay_001116,INV-2026-01087,partial_payment|clean_ref
pay_001117,INV-2026-01087,partial_payment|clean_ref
pay_001118,INV-2026-01088,garbled_ref
pay_001119,INV-2026-01089,clean_ref
pay_001120,INV-2026-01090,clean_ref
pay_001121,INV-2026-01091,clean_ref
pay_001122,INV-2026-01092,partial_payment|garbled_ref
pay_001123,INV-2026-01092,partial_payment|clean_ref
pay_001124,INV-2026-01093|INV-2026-01094,merged_invoices|garbled_ref
pay_001125,INV-2026-01095,garbled_ref
pay_001126,INV-2026-01096|INV-2026-01097,merged_invoices|clean_ref
pay_001127,INV-2026-01098,clean_ref
pay_001128,INV-2026-01099,clean_ref
pay_001129,INV-2026-01100,clean_ref
pay_001130,INV-2026-01101|INV-2026-01102|INV-2026-01103,merged_invoices|clean_ref
pay_001131,INV-2026-01104,clean_ref
pay_001132,INV-2026-01105,clean_ref
pay_001133,INV-2026-01106,clean_ref
pay_001134,INV-2026-01107,partial_payment|clean_ref
pay_001135,INV-2026-01107,partial_payment|clean_ref
pay_001136,INV-2026-01107,chargeback
pay_001137,INV-2026-01108,clean_ref
pay_001138,INV-2026-01109,clean_ref
pay_001139,INV-2026-01110,clean_ref
pay_001140,INV-2026-01111,clean_ref
pay_001141,INV-2026-01112,clean_ref
pay_001142,INV-2026-01113|INV-2026-01114|INV-2026-01115,merged_invoices|clean_ref
pay_001143,INV-2026-01116,clean_ref
pay_001144,INV-2026-01117,clean_ref
pay_001145,INV-2026-01118,clean_ref
pay_001146,INV-2026-01119,clean_ref
pay_001147,INV-2026-01120,garbled_ref
pay_001148,INV-2026-01121,clean_ref
pay_001149,INV-2026-01122,clean_ref
pay_001150,INV-2026-01123,clean_ref
pay_001151,INV-2026-01124,clean_ref
pay_001152,INV-2026-01124,refund
pay_001153,INV-2026-01125,clean_ref
pay_001154,INV-2026-01126,partial_payment|clean_ref
pay_001155,INV-2026-01126,partial_payment|clean_ref
pay_001156,INV-2026-01127,clean_ref
pay_001157,INV-2026-01128,clean_ref
pay_001158,INV-2026-01129,clean_ref
pay_001159,INV-2026-01130,clean_ref
pay_001160,INV-2026-01131,clean_ref
pay_001161,INV-2026-01132,clean_ref
pay_001162,INV-2026-01133,garbled_ref
pay_001163,INV-2026-01134,clean_ref
pay_001164,INV-2026-01135,clean_ref
pay_001165,INV-2026-01136|INV-2026-01137,merged_invoices|clean_ref
pay_001166,INV-2026-01138,garbled_ref
pay_001167,INV-2026-01139,partial_payment|clean_ref
pay_001168,INV-2026-01139,partial_payment|clean_ref
pay_001169,INV-2026-01140,clean_ref
pay_001170,INV-2026-01141,clean_ref
pay_001171,INV-2026-01142,partial_payment|clean_ref
pay_001172,INV-2026-01142,partial_payment|clean_ref
pay_001173,INV-2026-01142,partial_payment|clean_ref
pay_001174,INV-2026-01143,clean_ref
pay_001175,INV-2026-01144,clean_ref
pay_001176,INV-2026-01145,clean_ref
pay_001177,INV-2026-01146,clean_ref
pay_001178,INV-2026-01147,clean_ref
pay_001179,INV-2026-01148,clean_ref
pay_001180,INV-2026-01149|INV-2026-01150,merged_invoices|garbled_ref
pay_001181,INV-2026-01151,clean_ref
pay_001182,INV-2026-01152,clean_ref
pay_001183,INV-2026-01153,clean_ref
pay_001184,INV-2026-01154,clean_ref
pay_001185,INV-2026-01155,clean_ref
pay_001186,INV-2026-01156|INV-2026-01157,merged_invoices|garbled_ref
pay_001187,INV-2026-01158,clean_ref
pay_001188,INV-2026-01159|INV-2026-01160|INV-2026-01161,merged_invoices|clean_ref
pay_001189,INV-2026-01162,clean_ref
pay_001190,INV-2026-01163,garbled_ref
pay_001191,INV-2026-01164,clean_ref
pay_001192,INV-2026-01165,clean_ref
pay_001193,INV-2026-01166,garbled_ref
pay_001194,INV-2026-01167,clean_ref
pay_001195,INV-2026-01168,partial_payment|clean_ref
pay_001196,INV-2026-01168,partial_payment|clean_ref
pay_001197,INV-2026-01168,partial_payment|clean_ref
pay_001198,INV-2026-01169,clean_ref
pay_001199,INV-2026-01170,garbled_ref
pay_001200,INV-2026-01171,partial_payment|clean_ref
pay_001201,INV-2026-01171,partial_payment|clean_ref
pay_001202,INV-2026-01172,clean_ref
pay_001203,INV-2026-01173,clean_ref
pay_001204,INV-2026-01174,garbled_ref
pay_001205,INV-2026-01175,clean_ref
pay_001206,INV-2026-01176,clean_ref
pay_001207,INV-2026-01177,clean_ref
pay_001208,INV-2026-01178,clean_ref
pay_001209,INV-2026-01179,clean_ref
pay_001210,INV-2026-01180,clean_ref
pay_001211,INV-2026-01181,clean_ref
pay_001212,INV-2026-01182,clean_ref
pay_001213,INV-2026-01183,clean_ref
pay_001214,INV-2026-01184,clean_ref
pay_001215,INV-2026-01185,clean_ref
pay_001216,INV-2026-01186|INV-2026-01187,merged_invoices|clean_ref
pay_001217,INV-2026-01188,clean_ref
